dist,TFA_r,AMA_r,AMA_r_filt,TFA_r_filt,d2x,d2y_AMA_r,d2y_AMA_r_filt
0.0,-1.5519493003249312,1.708074270938868,1.708113457170479,-1.5519503026668535,0.0,0.00010606738998984735,0.0001450291419191207
50.0,-1.471298977239932,1.9732427459134865,2.070686311968281,-1.4994507156585088,50.0,3.652118550351808e-05,-4.136759378306243e-05
100.0,-1.1429491050720062,2.3297141846469,2.3298401823084265,-1.404227306428652,100.0,1.388898802247418e-06,-8.937928169701887e-05
150.0,-2.0406169766705418,2.689657870385932,2.365545848406025,-1.1888095626575077,150.0,-0.00027994719785452775,-9.152932452844116e-05
200.0,-0.3521362139217279,2.349733561488645,2.1724282031825206,-0.9004815447132731,200.0,-0.00021692196428139835,-6.448600167873586e-06
250.0,-0.4764608908067009,1.467504341887862,1.963189057539332,-0.7525141724454975,250.0,0.0004960179091965847,8.828830251229239e-05
300.0,-0.7728527877334872,1.8253198952785408,1.9746706681768744,-0.8209520373921964,300.0,2.9597802399642605e-05,7.870215556159978e-05
350.0,-1.6957849206532831,2.257129954668326,2.1829076677184163,-0.9256665451744784,350.0,-3.0262420938179437e-05,-2.1061385008303014e-05
400.0,-0.2025015157386424,2.613283961712663,2.3384912047392006,-0.9301085257304782,400.0,-0.0001481286890178719,-8.795472910895193e-05
450.0,-1.4076844579152274,2.59911624621232,2.274187918987605,-0.8845491056210472,450.0,-0.00041084595899203207,-4.645457255453387e-05
500.0,-0.5036657225425256,1.5578336332318967,2.093748201849675,-0.8798130083745499,500.0,0.0006917428830097366,4.574872402204608e-05
550.0,-0.8275892613597882,2.245908227775815,2.02768029476686,-0.9411371592353868,550.0,-0.0005777787007877622,7.726610845762263e-05
600.0,-1.2986769190545706,1.489536070350328,2.1547776588281016,-0.9845234812932192,600.0,0.0009958955105840207,1.3017724863343539e-05
650.0,-1.189838814868179,3.2229026893848927,2.314419335047702,-0.9123568808219872,650.0,-0.0011670127950716368,-6.37798399560479e-05
700.0,-0.2399841346557913,2.0387373207403647,2.3146114113771827,-0.7971574412540028,700.0,0.000542387106526672,-5.8189681663152724e-05
750.0,-0.9173407085480518,2.210539718412517,2.1693292835487816,-0.7865987966628486,750.0,-0.0001752663632454654,5.976425979901023e-06
800.0,-1.182942812919768,1.9441762079710057,2.038988220670133,-0.9095305661738844,800.0,-5.334063080525748e-05,3.696527298771244e-05
850.0,-0.3795394973589425,1.5444611205163508,2.0010603402607656,-1.1097694274376957,850.0,0.0006838714799018005,-3.841545081696651e-07
900.0,-2.0807751339383422,2.8544247328161974,1.962172073580974,-1.277050806170967,900.0,-0.0010560629765496235,-3.05869756432962e-05
950.0,-1.338726535652938,1.5242309037419857,1.846816367792942,-1.310253549188675,950.0,0.000465069450112461,1.2690247753005935e-05
1000.0,-0.6706830785353608,1.3567106999489265,1.7631862813874246,-1.2854446900443484,1000.0,0.00030098500962260033,4.34542968812611e-05
1050.0,-1.4697131313566087,1.941653020212368,1.78819193718506,-1.315779962032428,1050.0,-2.386056676665831e-05,7.0285458352692845e-06
1100.0,-1.8678613795698868,2.466943923559164,1.8307689575708688,-1.3419536902738387,1100.0,-0.0007545496765725045,2.1124806711693367e-06
1150.0,-0.6624422632971694,1.1058606354746985,1.8786271796346008,-1.3002991536309738,1150.0,0.0009281977725003758,3.851375902120822e-05
1200.0,-1.4036308555778685,2.0652717786411725,2.0227697992513534,-1.2115218495368063,1200.0,-0.00018057169740561837,1.559402849887519e-05
1250.0,-1.5283992143390384,2.5732536782936006,2.205897490115294,-1.0610008571058116,1250.0,-0.000354448311215447,-4.201567823839909e-05
1300.0,-0.4114034886842908,2.195114799907411,2.2839859853832367,-0.8890586355429589,1300.0,0.0002827732442255657,-3.6191774951948295e-05
1350.0,-1.0137542743475487,2.523909032085136,2.271595043271309,-0.8606500415675898,1350.0,-0.0004064405118404105,3.2471576074326515e-05
1400.0,-0.69331822456757,1.8366019846618349,2.340383041345197,-1.0795450605821544,1400.0,0.0005125736598248985,7.354346244986072e-05
1450.0,-1.4854710740952164,2.43072908680078,2.5930296955437373,-1.4357240852176592,1450.0,0.00018219551798512255,2.2597344439325617e-05
1500.0,-2.144736662181085,3.480344983902531,2.9021697108405915,-1.6604638028360852,1500.0,-0.0007458791161457787,-6.277214934661917e-05
1550.0,-1.6326424331842877,2.665263090639835,3.054379352770898,-1.5799325652148153,1550.0,0.0006331117796307592,-9.621186103472272e-05
1600.0,-1.2590119873438643,3.432960646454037,2.9660593421143973,-1.323527186640146,1600.0,-0.0006904940799221053,-6.823457968600071e-05
1650.0,-0.6332463515273306,2.4744230024629754,2.707152882242895,-1.1793095727566805,1650.0,0.00035410901354648345,-4.047230426939663e-06
1700.0,-1.650144969110278,2.4011578923381225,2.4381283463040435,-1.2763137968630682,1700.0,-0.00010868272809673983,4.754214880989824e-05
1750.0,-1.2931350770401606,2.05618596197142,2.2879591823899377,-1.5103251903361918,1750.0,0.0004406598547104947,5.3735036954297755e-05
1800.0,-1.9972665618853995,2.8128636683809543,2.272127610861576,-1.714491144075747,1800.0,-0.0007851415165274002,4.431696723555625e-05
1850.0,-1.6047422886333509,1.6066875834719878,2.3670884574221054,-1.7851331677236215,1850.0,0.0010639990248664315,2.5325690105624154e-05
1900.0,-2.048112077619048,3.0605090607291,2.525363529246695,-1.7056469185703516,1900.0,-0.0007470078739500661,-1.4467530106868053e-05
1950.0,-0.984255395393659,2.646810853111047,2.6474697758041144,-1.5289433217366766,1950.0,0.00010200010232655767,-3.276034006896573e-05
2000.0,-1.6157472797743584,2.488112901309388,2.6876751721891194,-1.28353156472897,2000.0,0.0001526986189899528,-2.467751563072582e-05
2050.0,-1.2563580148042188,2.711161496982611,2.66618677949731,-0.9508892812463744,2050.0,-2.2284668302216205e-05,-2.4622641536749867e-05
2100.0,-0.3650703788378031,2.878498421900294,2.583141782963626,-0.6303663206286356,2100.0,-0.00035233324172402494,-1.006879187110723e-05
2150.0,-0.3016937696067143,2.165002242507914,2.4749248067521736,-0.5587806019423707,2150.0,0.0003571930696403834,2.2838107915634074e-05
2200.0,-0.4755334747377697,2.344488737216493,2.4238031003298066,-0.823300569037314,2200.0,8.327928732028127e-05,2.7785455156222837e-05
2250.0,-1.9908240788459644,2.732173450225775,2.4421450317979967,-1.2038820583784575,2250.0,-0.0004259963252828321,4.111048581379606e-06
2300.0,-1.1743907629763928,2.0548673500279766,2.470764584719636,-1.4289305146242102,2300.0,0.0005530049659980746,-2.8790548404598402e-05
2350.0,-1.3829416551860845,2.7600736648253648,2.427407766629779,-1.4385238371340627,2350.0,-0.00037073807625260516,-5.308929456340987e-05
2400.0,-1.441762484269544,2.53843478899124,2.2513277121313973,-1.2990350310149452,2400.0,-0.00022142467667953802,-1.4125647642474703e-05
2450.0,-1.1522263711285707,1.7632342214582704,2.039933538526829,-1.0846465998315924,2450.0,0.0002625348720697576,7.401185010056163e-05
2500.0,-0.6762655496983763,1.6443708340996948,2.0135689901736646,-0.9132399142082128,2500.0,0.000380830352486334,0.00010200470603918817
2550.0,-0.7043193612788692,2.477583327956954,2.242216206918471,-0.8811150860475536,2550.0,-0.00022383593613444974,4.8137552394516444e-05
2600.0,-1.6281680609915108,2.751205981478089,2.591207304649568,-0.9723542606418444,2600.0,-0.0001389776378994288,-3.8069945948597806e-06
2650.0,-0.4066321054684444,2.677384540250652,2.930680915893516,-1.1631673604729118,2650.0,0.0002874746591868636,-2.8546666950860988e-05
2700.0,-1.6527479722494087,3.3222497469903742,3.198787859760311,-1.4477178721626796,2700.0,-0.0002795719401597617,-6.155873604312578e-05
2750.0,-2.023008292716081,3.268185103330692,3.312997963519292,-1.7177713673564636,2750.0,0.00012013614400975481,-9.334512976288351e-05
2800.0,-1.6355024019254751,3.5144608196953966,3.193845242871064,-1.850851611997653,2800.0,-0.0003242969731162995,-6.991143765602458e-05
2850.0,-2.104318017336478,2.949994103269353,2.899913928082775,-1.859773891730248,2850.0,-7.910737759449908e-05,2.114459886136384e-05
2900.0,-1.2944483533622848,2.1877589428570614,2.658844110447895,-1.8194889039473516,2900.0,0.000490967267489772,9.720958081723907e-05
2950.0,-2.174888580184832,2.6529419511692,2.660798244856113,-1.7265435690500048,2950.0,-0.00013922651538551297,7.132083798912597e-05
3000.0,-1.8863700039491944,2.7700586710175563,2.8410544742371457,-1.5501908785519811,3000.0,0.0002564896236024797,-2.2407629906462566e-05
3050.0,-0.535719401592107,3.528399449872112,2.965291628852022,-1.3989723707541994,3050.0,-0.0006164057210302831,-6.749307775948417e-05
3100.0,-1.562952486024335,2.7457259261509592,2.920796089068188,-1.3827624766476363,3100.0,0.0002123557963665272,-2.506917386475056e-05
3150.0,-2.208676491254895,2.4939418933461246,2.8136276146224777,-1.41344817450828,3150.0,0.0003502230258483925,2.5783274592919448e-05
3200.0,-0.6345244260644534,3.117715425162271,2.770917326659066,-1.4389855431485687,3200.0,-0.0005549929992475191,2.9393963994724538e-05
3250.0,-1.4685871931258017,2.35400645885962,2.8016919486824654,-1.5482545387107909,3250.0,0.0006934542850927125,4.1051781020756905e-06
3300.0,-2.359452819149109,3.3239332052887502,2.842729515961054,-1.7100081646347485,3300.0,-0.0006747434910133487,-1.8028694596771543e-05
3350.0,-1.323209103824839,2.607001224184508,2.838695346747714,-1.809473247078615,3350.0,0.0003563842144782987,-1.8596380325680782e-05
3400.0,-1.722335580360915,2.781029779276013,2.788170226720172,-1.810263513551592,3400.0,2.028244202928544e-05,-4.828173595047147e-06
3450.0,-2.1638763873122016,3.005764439440731,2.725574672705012,-1.6507901090821746,3450.0,-0.0003534700845551569,2.0190223046327205e-05
3500.0,-1.527313531529409,2.346823888217557,2.71345467630567,-1.316080049157793,3500.0,0.00042238671081323105,4.0761713965812874e-05
3550.0,-0.5284269479425393,2.7438501140274605,2.8032389648208604,-1.0613462869070436,3550.0,2.6609588970561228e-05,1.681775637386611e-05
3600.0,-0.5609372805229635,3.207400312263767,2.935067644270716,-1.1915056156499495,3600.0,-0.00032535851435105484,-3.181605757104737e-05
3650.0,-2.0838006798708326,2.8575542246224366,2.987356179792953,-1.6008998869927842,3650.0,0.00016443321214110505,-5.782710377975064e-05
3700.0,-2.340752512094886,2.9187911673338687,2.8950769558658136,-1.837816728207468,3700.0,-3.651062186860283e-05,-5.9275646965643606e-05
3750.0,-1.884605924402448,2.8887515553737937,2.654608614524565,-1.6695471499274337,3750.0,-0.00019865718606011917,-2.505137279380385e-05
3800.0,-0.8470882755937034,2.3620689782634208,2.351511841198807,-1.357532624881657,3800.0,-3.044247358529031e-05,5.129144935523993e-05
3850.0,-0.6065077111830319,1.7592802171898223,2.1766436912611486,-1.276784655197252,3850.0,0.0004694916015076885,0.00010326589417963898
3900.0,-2.166722717882315,2.330220459885445,2.259940276772588,-1.4178944551013044,3900.0,-0.00015060304425117553,7.279410738090028e-05
3950.0,-1.75832962733397,2.524653091953129,2.5252221307362777,-1.497108515399557,3950.0,0.00020615727318972664,7.813365859025722e-06
4000.0,-1.398125364506262,3.2344789069951294,2.810037399347532,-1.471283657923535,4000.0,-0.0005401752929113172,-1.1221376833140795e-05
4050.0,-0.7175030205233255,2.593866489758837,3.066799225875934,-1.586339441810097,4050.0,0.0005294314314863856,-1.4706395332416023e-06
4100.0,-2.320605549060536,3.276832651238508,3.319884453571232,-1.907464197637498,4100.0,-0.00012736202418482865,-4.0148488121003824e-05
4150.0,-2.508045250476969,3.641393752256108,3.472598460964021,-2.1568265612152677,4150.0,4.92671252712178e-06,-9.645345124962131e-05
4200.0,-2.2035020216593963,4.018271634591512,3.384178840232756,-2.102743055894001,4200.0,-0.0006839109971808764,-5.032105560317124e-05
4250.0,-2.0097243584757045,2.6853720239747254,3.1699565804935634,-1.876325616109674,4250.0,0.0004983046896193754,7.817893506879213e-05
4300.0,-0.7560422326972898,2.598234137406377,3.151181658426351,-1.810030014945956,4300.0,0.0005057878164491171,0.00011909090232510592
4350.0,-2.5286761112713942,3.7755657919608216,3.4301339921719034,-2.009562924037304,4350.0,-0.0004800111587738984,2.2306406504039346e-05
4400.0,-2.566274126779402,3.75286954958052,3.764852342177554,-2.233417867234248,4400.0,0.0002676885510838055,-8.158782688519874e-05
4450.0,-2.394532431616512,4.3993946849097325,3.895601124970208,-2.2896696532843146,4450.0,-0.0006495854311027341,-8.473481176492204e-05
4500.0,-1.5820865892606892,3.4219562424821097,3.814512878350557,-2.276871606840073,4500.0,0.0004894923173648597,-1.4961731798403477e-05
4550.0,-2.6229182701809126,3.668248593466636,3.696020302234897,-2.296440542427192,4550.0,-0.0001856507574394632,2.696224518911077e-05
4600.0,-2.1766612141372605,3.4504140508525043,3.644933339092014,-2.2216386716391376,4600.0,0.00032079914764278643,2.1663164125829583e-06
4650.0,-2.526319002829202,4.034577377345339,3.5992621669805884,-1.897517380859477,4650.0,-0.0005261546268151482,-2.7345086431535746e-05
4700.0,-1.103718193202274,3.3033541368003023,3.4852282787903235,-1.4362812272259031,4700.0,0.0003944727110697214,-2.955826414748053e-06
4750.0,-0.7891274075199931,3.5583126739295694,3.3638048245631884,-1.1825482508553358,4750.0,-0.0005248667240524913,3.8228704094033715e-05
4800.0,-1.0861700335565294,2.5011044009276087,3.3379531305711376,-1.337972876425828,4800.0,0.0012316274928462763,2.3506580915856822e-05
4850.0,-2.1087736217331745,4.522964860041339,3.370867888868729,-1.7151538474842545,4850.0,-0.0015046740475778333,-8.795056524704493e-06
4900.0,-2.143251922579504,2.783140200210485,3.381795005854559,-1.9519075486905717,4900.0,0.0009746310724125436,1.8439167629161268e-05
4950.0,-2.290698615930987,3.4798932214109906,3.438820041913292,-1.9091786767052084,4950.0,-0.00035233261607704074,4.681010199558777e-05
5000.0,-0.9061537683603944,3.295814702418894,3.612870332960995,-1.7786221474222446,5000.0,0.0005431178327678747,7.426492843539201e-06
5050.0,-1.993038204967712,4.469530765346485,3.8054868561175454,-1.7709778732959318,5050.0,-0.000869203882034944,-3.6876756385220764e-05
5100.0,-2.22746201304832,3.4702371231867155,3.905911488311044,-1.8578193698125456,5100.0,0.0006252552780648518,-3.350837642079956e-05
5150.0,-1.4990179783729989,4.034081676189076,3.922565179452544,-1.9332728751827188,5150.0,-0.00021718495874825569,-1.6271109268368812e-05
5200.0,-2.129886982797171,4.054963832320797,3.898541097423122,-1.961820038299671,5200.0,-0.00021108784964675954,-3.347627628562577e-06
5250.0,-2.182330913083274,3.54812636433562,3.866147946322293,-1.9119394528263336,5250.0,0.0003930169440970822,3.563970760690971e-06
5300.0,-1.6325106271321814,4.023831256593148,3.842664722123192,-1.8098265705405672,5300.0,-0.00024694672448962384,-5.201316815062818e-06
5350.0,-1.6155824160210597,3.8821693376266166,3.8061782058864337,-1.7855306984074697,5350.0,1.977463115057585e-05,-1.3139347144571544e-06
5400.0,-1.7131221836757529,3.789943996536525,3.7664068528635326,-1.8973096452744769,5400.0,-5.4380005553002066e-05,3.264557846178775e-05
5450.0,-2.5144951611377606,3.561768641563928,3.808249445995101,-2.023066611151868,5450.0,0.0003826477227436902,6.331388366158955e-05
5500.0,-2.18336735132936,4.290212593450557,4.008376748280643,-2.054693235444488,5500.0,-0.0006071748472201701,5.0942154581248824e-05
5550.0,-1.2215751254585732,3.50071942728676,4.335859437019307,-2.065376257188136,5550.0,0.0011011450944153059,-3.446627443173327e-05
5600.0,-2.806717534229649,5.464088997161228,4.577176439678638,-2.114593943901538,5600.0,-0.001050125588464499,-0.00013132211252275426
5650.0,-2.1641172007611607,4.802144595874448,4.490188161031083,-2.1291701308591597,5650.0,-0.00026535053997362964,-0.00010739598510455046
5700.0,-1.5775309318252626,3.4768238446535937,4.134709919622153,-2.092172438714029,5700.0,0.000765197555984232,1.020485396301538e-05
5750.0,-2.600182649651269,4.06449698339332,3.8047438131207607,-2.052648861609266,5750.0,-0.0005562827097093031,7.77877651165781e-05
5800.0,-1.5308027829153594,3.2614633478597885,3.669247119410814,-2.002729283924044,5800.0,0.0006896757460462471,6.470905108187992e-05
5850.0,-2.401189899007392,4.182619077441875,3.695523053405567,-1.9192789476171428,5850.0,-0.0007049165826822813,2.7640329320416514e-05
5900.0,-1.3530239062270848,3.3414833503182586,3.7908998107013616,-1.812227688842872,5900.0,0.0006907044970685263,-4.913141092939277e-06
5950.0,-2.184598900824364,4.227108865865958,3.873993715264808,-1.7113736162234092,5950.0,-0.00047836205327546414,-2.5598773423491218e-05
6000.0,-1.2761039699212435,3.916829248224997,3.893090686269526,-1.6678584013761777,6000.0,0.00019332189810658562,-4.7579031548199423e-07
6050.0,-1.8926498467900312,4.0898543758505,3.9109981814855392,-1.7402184634641664,6050.0,-0.0004320223668999848,6.343960385116194e-05
6100.0,-1.6020168143750335,3.182823586226041,4.087504686329457,-1.9207463067788704,6100.0,0.0009802148856118157,5.2558003716620226e-05
6150.0,-2.385795751817416,4.726330010631122,4.395406200464926,-2.0801673467375568,6150.0,-0.0003199966342292264,-6.180887362022674e-05
6200.0,-2.573689628677237,5.469844849463136,4.548785530549828,-2.090412120589681,6200.0,-0.0009391894411004308,-0.00010597373354193387
6250.0,-1.4652749523126662,3.8653860855440745,4.437230526779895,-2.042246114041918,6250.0,0.0006724761863403088,-1.0399375440562508e-05
6300.0,-1.7373268416961836,3.9421177874757847,4.299677084408556,-2.1419138609499453,6300.0,0.00022880106085778013,6.104069798936678e-05
6350.0,-2.838476954376452,4.590852141551945,4.3147253870106335,-2.346926436738413,6350.0,-0.00015958256621989727,4.719595945285846e-05
6400.0,-2.82094743666204,4.840630080078363,4.447763588244857,-2.4157240121370385,6400.0,-0.0005203409304663456,4.6809899536098595e-05
6450.0,-1.795538123121626,3.789555692438916,4.697826538319328,-2.304276061452774,6450.0,0.0010864065478863516,4.1125371556668e-05
6500.0,-2.35389131179279,5.454497674515348,5.050702917285468,-2.1928510845533262,6500.0,-0.000635859522163225,-3.918988427730845e-05
6550.0,-1.8920437951620503,5.529790851183718,5.305604585558338,-2.198017916577203,6550.0,-5.5649045929251174e-05,-0.00010865020788947958
6600.0,-2.785545966940945,5.46596141302896,5.288880734107508,-2.289114318948668,6600.0,-0.00024385391719866653,-7.374146650699415e-05
6650.0,-1.816501593907156,4.792497181877536,5.087803216389193,-2.403539827558982,6650.0,0.00033195546571258453,1.251312742439481e-05
6700.0,-2.6823940970853126,4.948921615007573,4.918008517231865,-2.4568015415251745,6700.0,-0.00018434462679570095,5.7941379437598074e-05
6750.0,-3.159034839042196,4.644484481148358,4.893067266668532,-2.35048172321004,6750.0,0.0003631408766394937,3.860153536292863e-05
6800.0,-1.5041556761951724,5.247899538887877,4.964629854512521,-2.2019137451652124,6800.0,-0.00039257306728123886,-9.244382868011058e-06
6850.0,-1.624125519187544,4.869881928424299,5.013081485186482,-2.307548442891401,6850.0,0.0003662633353462557,-3.2122683422046096e-05
6900.0,-3.287731015568883,5.40752265632636,4.981226407305328,-2.6636147044025087,6900.0,-0.0005056000687285508,6.249736963526687e-06
6950.0,-3.3077279160345334,4.681163212407044,4.96499567183299,-2.9270069657818327,6950.0,0.00026204603799204944,7.075372013974324e-05
7000.0,-2.959581327782212,4.609918863467851,5.125649236710011,-2.9499881087263877,7000.0,0.0006124628723511733,6.792822113606185e-05
7050.0,-2.100481941884216,6.0698316954065925,5.456123354427186,-2.934324197864484,7050.0,-0.000854666531873465,-7.82862379573359e-06
7100.0,-3.37559423107478,5.393078197661671,5.767025912655027,-3.0016660401250013,7100.0,0.0007891754507873941,-5.8315895413434405e-05
7150.0,-3.4322003128191434,6.689263326885235,5.932138732349283,-2.9932397193437845,7150.0,-0.0011474552154182311,-3.163638457017157e-05
7200.0,-2.7291020008618965,5.1168104175632205,6.018160590618109,-2.8127237946333183,7200.0,0.0011330819947351109,8.081255361397055e-06
7250.0,-2.316229008698281,6.377062495078984,6.124385587290428,-2.642677433107563,7250.0,-0.00037082996611905974,-5.140976769018835e-06
7300.0,-2.4307757313306486,6.710239657297097,6.2177581420402,-2.6740218804521456,7300.0,-0.00046223803343079553,-8.396698208584752e-06
7350.0,-3.389743859273067,5.887821735938222,6.29013895126851,-2.8550213892255405,7350.0,0.00038692508698613464,3.254249164669858e-05
7400.0,-2.596068076321959,6.032716532044684,6.4438759896135664,-3.014496726999566,7400.0,0.00041347936605566995,1.9652220892321992e-05
7450.0,-3.4221334034787017,7.21130974329032,6.646743580189428,-3.0459786866250336,7450.0,-0.0006951147932199046,-5.2195438510672073e-05
7500.0,-2.8239639982849694,6.652115971486195,6.719122574488609,-2.9263351677863665,7500.0,0.00021100187641620282,-7.766034875827756e-05
7550.0,-2.744184506776614,6.620426890722577,6.5973506968920965,-2.7109417770275064,7550.0,-5.0495734198954525e-05,-3.48938503948915e-05
7600.0,-2.43597456345398,6.462498474461572,6.388344193308355,-2.5112391894050914,7600.0,-0.00016412369975676172,2.421567196352967e-05
7650.0,-2.2740916855698714,5.894260808808664,6.239876869633438,-2.409999866402897,7650.0,0.0005362520035703174,6.244691171033096e-05
7700.0,-2.770093949066065,6.666653152081548,6.247526825234348,-2.4244754103437263,7700.0,-0.0006889906720376292,6.745263914613205e-05
7750.0,-2.2870735518730694,5.71656881526036,6.423808378700588,-2.573292446543552,7750.0,0.0010599234713617278,3.4651741695278204e-05
7800.0,-2.701687915373901,7.4162931568434916,6.686719286405024,-2.88814769761042,7800.0,-0.0009323184306877313,-4.400986209886426e-06
7850.0,-3.5282282969611,6.785221421707295,6.938627728584744,-3.296492290659631,7850.0,0.0003069751548281872,2.2484132483452156e-06
7900.0,-3.454450824000072,6.921587573641566,7.196157203885327,-3.604943705068389,7900.0,0.00019205361518526764,1.864170880649354e-05
7950.0,-4.408233452811876,7.538087763539006,7.500290951202143,-3.6722376681674618,7950.0,2.4245332212287352e-05,-5.437923131681543e-06
8000.0,-2.663065452798638,8.215201283967165,7.790829890689756,-3.5569169733138137,8000.0,-0.0004201834021171056,-1.0111285167166883e-05
8050.0,-3.865514959916093,7.84185629910256,8.056090617259452,-3.4149958440934536,8050.0,0.00012100231847729042,2.5513816941456114e-05
8100.0,-3.359352553984309,7.771017110431182,8.385135886182788,-3.324892370326309,8100.0,0.0007693751527050271,1.3279719715566074e-05
8150.0,-3.079378494257488,9.623615803522371,8.747380454395039,-3.3378311928761093,8150.0,-0.0011381668395455602,-4.083190255062803e-05
8200.0,-3.207397326774092,8.63079739774966,9.00754526623072,-3.4843175161079207,8200.0,0.0007073130647846228,-3.921212057285288e-05
8250.0,-4.416456179196599,9.406261653938506,9.169679776634268,-3.65621568040068,8250.0,-0.0005256386702333905,8.59936316012906e-06
8300.0,-3.586014793707579,8.867629234543875,9.35331269493814,-3.766516323449961,8300.0,0.0006480899796791214,2.2612997884396435e-05
8350.0,-3.278028954184011,9.949221764347048,9.593478107953002,-3.921858361956638,8350.0,-0.0005352259062443792,-7.556852348594845e-06
8400.0,-4.656223515532078,9.692749528539272,9.814751390096378,-4.184186156061805,8400.0,0.0004105191890870792,-2.0069884979624675e-05
8450.0,-4.442556289372947,10.462575265449194,9.985849959790691,-4.413529800853449,8450.0,-0.0007657113435293624,1.9288812520873933e-05
8500.0,-4.713203251528804,9.31812264353571,10.20517056078719,-4.511632596521066,8500.0,0.00113340352550605,4.394396704029404e-05
8550.0,-3.898194828593103,11.007178835387352,10.534351079384423,-4.547046569069957,8550.0,-0.0006833530172723457,3.769480404296388e-06
8600.0,-5.490762529884865,10.987852484058129,10.872955298992398,-4.598335709393717,8600.0,0.00011608406853664235,-2.2496168131825556e-05
8650.0,-4.180895754251608,11.258736304070512,11.155319098270809,-4.739157306758791,8650.0,-0.00022584304509903178,1.8491207154066558e-05
8700.0,-4.790947458256618,10.965012511335315,11.483910915434386,-5.088678243053982,8700.0,0.0006072332907843219,4.820301358268182e-05
8750.0,-5.72318371923406,12.189371945560923,11.933010266554668,-5.606933218086371,8750.0,-0.00032765847542294183,1.8888144766789593e-05
8800.0,-6.478512473103045,12.594585191229177,12.429329979591923,-6.02065055539248,8800.0,3.1945608031671216e-05,5.159692901427349e-06
8850.0,-6.39671806314264,13.079662456976608,12.938548924882747,-6.163755084216216,8850.0,-0.00025699499372022105,5.109925435824323e-05
8900.0,-5.570636997521151,12.922252238423487,13.57551600606918,-6.209658759622823,8900.0,0.0007229202536505781,6.901544656431255e-05
8950.0,-6.258962665624089,14.572142653996812,14.385021703666393,-6.400362628715396,8950.0,-0.00029224762741053995,-3.495854841392543e-06
9000.0,-7.127949010184812,15.491414001043786,15.185787764160125,-6.704121778816493,9000.0,-5.59430926288563e-05,-6.26993255061052e-05
9050.0,-7.348104263995533,16.27082761651862,15.829805510888594,-6.972674154392895,9050.0,-0.0005911145471038452,-3.3488000533409944e-06
9100.0,-6.72555908162686,15.57245486423384,16.46545125748371,-7.297804221840868,9100.0,0.001029638357067246,8.245229552268682e-05
9150.0,-7.401387489738639,17.448178004617176,17.307227742885544,-7.8811419006994,9150.0,-0.00012711345712538958,8.065335919847456e-05
9200.0,-9.761098569900172,19.00611750218704,18.350637626283564,-8.676393441070184,9200.0,-0.0007294737881570611,5.91690232185826e-05
9250.0,-8.843247849751908,18.740372529364247,19.54197006772804,-9.517879133982523,9250.0,0.0010359901803449405,6.197330032886441e-05
9300.0,-10.492724095194175,21.064603007403807,20.88823575999468,-10.390315225337684,9300.0,-0.00019340170933112262,3.290889658234732e-05
9350.0,-11.942977832855531,22.90532921211556,22.316773693717185,-11.363173325929903,9350.0,-0.000487646435464471,2.8100531845795728e-05
9400.0,-11.44220749933752,23.526939328166137,23.81556295705418,-12.530441532199536,9400.0,0.0004890087594799226,0.00011055588181338578
9450.0,-14.781856152559127,25.37107134291652,25.59074192492464,-13.953242685207313,9450.0,0.0002722067236974368,0.0001917644693164249
9500.0,-15.663310015220736,27.895720166910493,27.84533206608616,-15.613951561517688,9500.0,9.846901974584483e-05,0.00020412445234814952
9550.0,-17.39400298534043,30.66654154026908,30.610233338118057,-17.61890126571269,9550.0,0.00035027910966638274,0.00020717955941314728
9600.0,-20.45501740369234,34.31306068779362,33.89308350868282,-20.26618253507529,9600.0,-8.202164036813144e-05,0.0002888243198738792
9650.0,-24.351050997064988,37.75452573439784,37.89799447893228,-23.94282319997867,9650.0,0.0007196429133190151,0.00046188426246210665
9700.0,-29.211645092835766,42.99509806429959,43.05761610533701,-29.236042375972914,9700.0,0.0006211245902411634,0.0006582692632870163
9750.0,-36.79484365365144,49.78848186980425,49.86291088995928,-37.01485192005889,9750.0,0.0005871912862111315,0.0007940949446418359
9800.0,-46.63493369631,58.04984389083674,58.65344303618614,-48.0795384318911,9800.0,0.0005455169082915888,0.0007251505646403302
9850.0,-59.29614700609808,67.6749981825982,69.25685159401382,-62.204098265816285,9850.0,0.0008516912624507711,0.00018218853746149364
9900.0,-75.25856122261571,79.42938063048659,80.31573149549524,-76.75926813934392,9900.0,-0.00026953415419836803,-0.0009537665739878833
9950.0,-90.4193659664623,90.50992769287906,88.99019496200695,-86.42177824947262,9950.0,-0.0026336967335368854,-0.0022277198900846314
10000.0,-92.02356901985117,95.00623292142932,92.09535870330708,-85.87457180116401,10000.0,-0.0038049126327622048,-0.002767383657002472
10050.0,-75.34126222231981,89.99025656807406,88.28206330210104,-74.12811639182047,10050.0,-0.0030182505597042392,-0.002130942984945824
10100.0,-52.31344189519042,77.4286538154582,79.14141043853043,-55.77864608187093,10100.0,0.0008024307727279223,-0.0008371147054914275
10150.0,-34.58408212943914,66.87312799466216,67.90797081123125,-37.44905312894028,10150.0,0.0002874471389728001,0.0002479590349507305
10200.0,-22.79063299658512,57.0362200212981,57.2944287713089,-23.443843369297245,10200.0,7.583002168879602e-05,0.000758371238433358
10250.0,-14.004916616176528,47.38888710215603,48.57681482746994,-14.572593594201972,10250.0,0.002042000854287886,0.000796409960187978
10300.0,-10.58124617876336,42.84655631873368,41.85022578410092,-9.52199079006004,10300.0,-0.0007145527497780507,0.000608484972620559
10350.0,-7.4328840060811165,36.517843660866205,36.6448491722833,-6.577407919525585,10350.0,0.000944350592967632,0.0004404377020006706
10400.0,-3.939246722689159,32.55000748541781,32.54056681546736,-4.672086597639476,10400.0,0.00024823698657349953,0.0003550378238606612
10450.0,-3.61236009879936,29.20276377640316,29.323879018303067,-3.384781108515696,10450.0,0.0003446617407173477,0.00026949934193643796
10500.0,-2.9201800679758905,26.71717441918188,26.780939575979872,-2.449343633323623,10500.0,0.00032501054675630883,0.00015621097720874532
10550.0,-1.2672345575129325,25.044111428851373,24.62852757667854,-1.6800811982915316,10550.0,-0.00037227220960437817,6.825598018678391e-05
10600.0,-1.268538240539009,22.44036791450992,22.646755527844167,-1.0567338049632755,10600.0,0.000487776646404501,4.661818330887258e-05
10650.0,-0.4205421199442248,21.05606601617972,20.781528937281976,-0.5918307688178326,10650.0,-0.0003249924193379826,7.624373658370303e-05
10700.0,-0.5100272355898512,18.859283069504563,19.106911688179043,-0.2612653004605493,10700.0,0.000263336611628047,0.00010091553930695767
10750.0,0.4266743335362135,17.320841651899524,17.684583287343504,-0.0346211024649363,10750.0,0.0006616159908785321,8.007324888230159e-05
10800.0,-0.3745318138715554,17.436440211490815,16.46243800871372,0.1503834813936396,10800.0,-0.001196387524837702,6.575052617541957e-05
10850.0,0.2370238072917645,14.561069958987853,15.404669045522484,0.3297409075555369,10850.0,0.0012347398721895147,9.216907283052649e-05
10900.0,0.9864014852943124,14.772549386958676,14.577322764407567,0.3980705069179108,10900.0,-0.00031745017632031603,9.544453565406954e-05
10950.0,0.374535074365418,14.19040337412871,13.988587822427824,0.2770987235940165,10950.0,-0.000224875459040544,5.9577025949490545e-05
11000.0,-0.8321935281835312,13.046068713697384,13.548795445321808,0.1090088248150665,11000.0,0.0006677668369993292,6.103924823921858e-06
11050.0,0.5859908541912436,13.57115114576438,13.124262880275596,0.0006090095891665,11050.0,-0.0004951764669096264,-4.5429305860577074e-05
11100.0,0.2554721460393376,12.858292410557311,12.586157050577942,-0.1452518204093177,11100.0,-0.0002569286093433703,-3.347321293966843e-05
11150.0,-0.8504820689857436,11.503112151991816,11.964368188531116,-0.3278003105274503,11150.0,0.0004847562392667477,2.2269835491819378e-05
11200.0,-0.4440295525407653,11.35982249159319,11.39825391521384,-0.3724232786317779,11200.0,-0.00010299599538053315,2.2345050301077408e-05
11250.0,-0.3074019937891989,10.959042842743232,10.888002267649256,-0.2420663125077461,11250.0,4.0759490083288344e-05,-2.708309789555301e-05
11300.0,0.2913535410583614,10.660161919101494,10.31004287534579,-0.1092920847790504,11300.0,-0.0004276676405004622,-3.963915077079818e-05
11350.0,0.1192314355272681,9.2921118942086,9.632985606115328,-0.0827855712393281,11350.0,0.000526646064639322,1.3372015343527722e-06
11400.0,-0.8432077271422762,9.240677030914012,8.959271340720749,-0.0504097854790369,11400.0,-0.0004132167717177694,5.444121510372568e-05
11450.0,0.4056456345130201,8.156200238325,8.421660113085483,0.0888527979842132,11450.0,0.0004505229340056559,9.446399791646201e-05
11500.0,0.6225461650251681,8.198030780750129,8.120208880241373,0.2355511778011164,11500.0,-0.00023302180717246372,9.641454178665825e-05
11550.0,-0.3201776887584417,7.657306805244097,8.059794001863908,0.2777097291017533,11550.0,0.0005473254994870139,3.3895632833086606e-05
11600.0,0.605520422471097,8.4848965784556,8.08411820556916,0.1901649225999263,11600.0,-0.0004137769207920243,-4.871714841727908e-05
11650.0,0.423820572011192,8.278044049687043,7.986649538231214,-0.0125299646529688,11650.0,-0.00029042918309020324,-6.155629107596852e-05
11700.0,-1.1472321450171423,7.345118563192978,7.735290143203347,-0.1816668323913931,11700.0,0.000401613113940952,-1.671257278288749e-05
11750.0,0.0189592009109309,7.416225861551292,7.442149316218261,-0.1678796819167174,11750.0,5.430718963602423e-05,9.96004825419945e-06
11800.0,0.3538003555877684,7.6231011339996675,7.173908609868674,-0.0811660060732483,11800.0,-0.000645317327131237,2.0987487757208355e-05
11850.0,-0.2834857622129065,6.216683088619951,6.958136622912107,-0.1097220769543828,11850.0,0.000985949574389697,2.007751998473175e-05
11900.0,-0.3784397769727734,7.275138979214477,6.79255843591737,-0.2732968072974394,11900.0,-0.0006241939904332494,-5.693799792816634e-06
11950.0,-0.028805147397656,6.773109893725879,6.612745749440592,-0.493396134273147,11950.0,-7.922773535999176e-05,-3.1687407674812816e-06
12000.0,-1.0816379910181584,6.073011469837302,6.42501121104511,-0.6362677111874362,12000.0,0.000414704618331233,3.446787108687559e-05
12050.0,-0.9328185869475688,6.409674591776807,6.323446350366817,-0.563653782050438,12050.0,-0.00021643432339701435,3.994572075022589e-05
12100.0,0.2094029526726999,6.2052519052237765,6.321745791564089,-0.3334180279874763,12100.0,0.0001871763292722278,9.694742041773452e-07
12150.0,-0.161087511444979,6.468770041851315,6.322468918271804,-0.1487480839962797,12150.0,-0.0001642630423630159,-3.905545905052854e-05
12200.0,-0.2839563008466968,6.321630572571315,6.225553397353198,-0.0965908741574455,12200.0,-0.00014988092381524893,-5.031842017858565e-05
12250.0,-0.1822108726310913,5.799788793753192,6.002841825988128,-0.1624037044284142,12250.0,0.00027676585434726524,-3.950331323451053e-05
12300.0,0.1878555041027429,5.969861650803232,5.681371971536781,-0.3498741063430968,12300.0,-0.0003551732229968568,-1.2222102590991569e-05
12350.0,-1.4960202799521047,5.25200145036113,5.329346860607956,-0.6208664441467514,12350.0,0.00020893260415211578,4.365662538934352e-05
12400.0,-0.0764813634662247,5.056472760299317,5.086463313152489,-0.9066219854791706,12400.0,-8.330039415725316e-05,9.674598924072874e-05
12450.0,-1.5675177221187275,4.652693084844372,5.085444738798844,-1.1602424450973716,12450.0,0.0004429672107205597,7.193946552040451e-05
12500.0,-1.4675720061559971,5.356331436190826,5.264274828246211,-1.3103148964660836,12500.0,-2.0596708948788134e-05,-2.8600700625028707e-05
12550.0,-1.1618291644946954,6.008478015165309,5.371603166131005,-1.333636866047495,12550.0,-0.0007811739294337488,-9.504810667840964e-05
12600.0,-0.9843400667279008,4.707689770555421,5.241311237319776,-1.2867009246485466,12600.0,0.0007909943553531782,-7.346046241413795e-05
12650.0,-1.7515758848263745,5.384387414328478,4.927368152473202,-1.161063940289978,12650.0,-0.0007387446827953379,-1.372422769788102e-05
12700.0,-0.8040195757998971,4.21422335111319,4.579114498381925,-0.9361884615962248,12700.0,0.0005347607293597381,3.912073552511792e-05
12750.0,-0.4230243179578025,4.380961111297247,4.328662683103443,-0.7317280282623924,12750.0,-0.0001828879241430709,5.737936792535514e-05
12800.0,-0.6010858789250788,4.090479061123627,4.2216592876383485,-0.6640443068450272,12800.0,0.0002255095685069648,3.147562855534964e-05
12850.0,-1.1346395456395173,4.363770932217419,4.1933449635616284,-0.6813156937115886,12850.0,-0.00023998786808321563,-9.855562527033612e-06
12900.0,-0.46463454220471,4.0370931331031725,4.140391733167324,-0.712718268260349,12900.0,0.00021330371694759016,-3.506248616137988e-05
12950.0,-0.6316542143077424,4.243674626357901,3.9997822873695705,-0.7937987091018347,12950.0,-0.00021096228823536229,-1.7362972281018684e-05
13000.0,-1.1099877223917043,3.922850399024224,3.81576541086927,-0.9374321037546354,13000.0,-0.00018930155249199742,4.4179306093192315e-05
13050.0,-0.8061292455835477,3.128772290460553,3.7421967996019503,-1.0443106893336394,13050.0,0.0007019272044452219,7.57682249182217e-05
13100.0,-1.6992369852529507,4.089512193009937,3.858048750630185,-1.0026888327424002,13100.0,-0.00036937786229628174,2.3204311569904767e-05
13150.0,-0.3979477279962671,4.1268074398186165,4.031911480583181,-0.85227559484896,13150.0,-4.142371647195589e-05,-5.4249237985816026e-05
13200.0,-0.492531150807719,4.060543395447406,4.070151115571638,-0.7707624540111285,13200.0,0.0001133265901957845,-8.032788679617795e-05
13250.0,-1.2027403551766296,4.2775958265656575,3.907571033569649,-0.8378278763716245,13250.0,-0.000510050692311977,-3.848357138923895e-05
13300.0,-0.9791163336841064,3.2195215269039656,3.648782023094563,-0.9910542764764152,13300.0,0.0005052323940004941,2.5785646942563822e-05
13350.0,-0.7487669061336351,3.424528212243509,3.454457129975886,-1.1828806611974505,13350.0,6.505429554708204e-05,5.4911752591859475e-05
13400.0,-2.045484842812468,3.7921706364507575,3.397411618336858,-1.3708262207426745,13400.0,-0.0006091232902701718,5.107233544277055e-05
13450.0,-0.7169538766171863,2.637004834982576,3.4680469453047564,-1.4756217229383135,13450.0,0.0011469762844184583,1.6140978947588104e-05
13500.0,-2.225185730763557,4.3492797445605405,3.579034719641625,-1.4248967941195732,13500.0,-0.0009438073264479074,-3.0168344685455752e-05
13550.0,-1.0387056969343138,3.702036338018736,3.614601632264854,-1.2234383951296322,13550.0,3.857285841397058e-05,-1.00860618456446e-05
13600.0,-0.795697771400523,3.1512250775118584,3.624953390273972,-1.0313308180893863,13600.0,0.00042911514268793383,4.416887219353623e-05
13650.0,-1.0324874957461745,3.673201673724815,3.74572732876693,-1.04841833429678,13650.0,7.315547762836836e-05,3.153706386700215e-05
13700.0,-1.237421591260802,4.378066964008693,3.9453439269273938,-1.3162966474244724,13700.0,-0.0006105201327607201,-2.502266355046867e-05
13750.0,-1.5559449046403924,3.5566319223907703,4.082403866211686,-1.69862575077083,13750.0,0.0007707644311229935,-6.718572152758746e-05
13800.0,-2.3286515698127044,4.662107958580331,4.051499501677009,-1.9562894902657644,13800.0,-0.0008290947584374162,-7.512813084369477e-05
13850.0,-2.2775307491665417,3.6948470986763513,3.832774810033096,-1.91997766946344,13850.0,0.0002506092190393925,-2.9877982716114815e-05
13900.0,-1.4464754702318647,3.354109286370853,3.539355161598896,-1.7114457964337972,13900.0,0.0001166841770063204,2.9493492252704988e-05
13950.0,-0.9278041394712508,3.305081916581156,3.319669243796459,-1.6350362638882814,13950.0,4.814287672091844e-06,4.42612686227692e-05
14000.0,-2.1065697532044503,3.268090265971688,3.2106364975509445,-1.7553479676720007,14000.0,4.457835580579381e-05,3.440084810220476e-05
14050.0,-2.5246191377778686,3.342544504876705,3.187605871560942,-1.835163798397017,14050.0,-0.0002262985365442711,3.7795699980373957e-05
14100.0,-0.8602967215433822,2.851252402421044,3.2590644955218746,-1.7324369955627512,14100.0,0.00043522127256486663,2.3123873062238687e-05
14150.0,-2.4587457078495474,3.44801348137755,3.388332802138404,-1.544362075127229,14150.0,5.5077379718517075e-05,-2.5516374796417908e-05
14200.0,-0.717033028275393,4.182468009630348,3.4538101717638883,-1.452617248109917,14200.0,-0.0008442470639501532,-2.557750090321065e-05
14250.0,-1.5129782076716547,2.806304878007763,3.455343789131346,-1.6024081945241777,14250.0,0.0007078804109712138,2.849017294417955e-05
14300.0,-2.078210188724184,3.199842773813212,3.528102838859253,-1.943048779997454,14300.0,0.00029958539483930497,1.7551319293068522e-05
14350.0,-2.4928260184384614,4.342344156716924,3.644740186819831,-2.2367332836587046,14350.0,-0.0009579200780927504,-5.979657746602633e-05
14400.0,-2.053024084566488,3.0900453443887588,3.611886091115343,-2.298243516679925,14400.0,0.0009046303693428701,-9.888298582244523e-05
14450.0,-2.626058513966658,4.099322455417769,3.331824530854742,-2.104180546693519,14450.0,-0.0009854504410515676,-4.840699375845361e-05
14500.0,-1.3893175791904275,2.644973463817861,2.930745486198007,-1.7779665458706746,14500.0,0.00047626403575468893,7.552593002814305e-05
14550.0,-1.6419113523586475,2.3812845616046747,2.71848126661163,-1.543601242072485,14550.0,9.491035243650661e-05,0.00015484450311650946
14600.0,-1.2127728374675668,2.354871540482755,2.893328304816526,-1.576395490225212,14600.0,0.0006346784678616005,6.987251103021333e-05
14650.0,-1.91141194928165,3.915154689014837,3.242856620596956,-1.8566264740332772,14650.0,-0.0006556787924060056,-8.763432620341725e-05
14700.0,-2.489011707861984,3.8362408565319046,3.3732991208688423,-2.1890673217052803,14700.0,-0.0003270497835270925,-0.00011330574790093468
14750.0,-2.466302611802305,2.9397025652312414,3.220477251388392,-2.4033893355265845,14750.0,0.00015474917641269438,-4.394029362352825e-06
14800.0,-2.2457195399708008,2.430037214962314,3.05667030850206,-2.5037850630509397,14800.0,0.0007243948581129937,6.278813424963854e-05
14850.0,-2.6414364161058472,3.731359009975871,3.049833701239824,-2.565926030789727,14850.0,-0.000901679671395841,4.2549729051051167e-05
14900.0,-2.480587494837821,2.778481626499825,3.149371416605216,-2.581285799352768,14900.0,0.00068085222492457,2.3893840830476697e-05
14950.0,-2.9343780235015595,3.527734805335204,3.3086437340468,-2.490986712712472,14950.0,-0.0004105422759548379,2.5151604753955857e-05
15000.0,-2.281120201023504,3.250632294283488,3.530795063373273,-2.3565944536021544,15000.0,0.00029500293418191335,-1.0068592990698733e-06
15050.0,-1.523221954997667,3.711037118686556,3.750429244452072,-2.365516010128835,15050.0,5.839873378189786e-06,-6.73352588482274e-05
15100.0,-3.0934018501238447,4.186041626535098,3.801725278410302,-2.5366082792953333,15100.0,-0.0003541243581598362,-0.0001085387355622304
15150.0,-2.916435225236527,3.7757352389840495,3.5816744734629564,-2.634369463486405,15150.0,-0.0001912625420664252,-5.23241885109158e-05
15200.0,-2.4871613000079766,2.8872724962669376,3.230813197238321,-2.5274611795794795,15200.0,0.00020397174622184853,3.8621901056104765e-05
15250.0,-1.8272900908272072,2.508739119104447,2.976506673653948,-2.33904077278327,15250.0,0.0005779667164050722,4.369968992410058e-05
15300.0,-2.631879651647068,3.575122532954637,2.831449374879826,-2.176555342509118,15300.0,-0.0008852483145009826,-4.516718028735589e-06
15350.0,-2.0212702727708978,2.42838516055237,2.675100281033865,-2.027372203109985,15350.0,0.0005179684761072246,2.791396906635768e-06
15400.0,-1.857301999088424,2.5765689784181647,2.5257296794544937,-1.9361627334584923,15400.0,-0.0001967708463445609,5.073005009110449e-05
15450.0,-1.4771373969524992,2.232825680422557,2.5031842031028835,-1.9942157307823491,15450.0,0.00045754295692175333,7.1333447165968e-05
15500.0,-3.061770964323088,3.0329397747313327,2.6589723446661933,-2.164404372456485,15500.0,-0.0006129037483850622,5.696366925923258e-05
15550.0,-1.6143621348646373,2.300794498077453,2.9571696593775845,-2.349320061213227,15550.0,0.0008486992077816268,1.1005190785635222e-06
15600.0,-2.673773536969975,3.69039724087764,3.2581182717853845,-2.501271142762679,15600.0,-0.0005217770909073169,-7.889213898673777e-05
15650.0,-3.081202031355721,3.775557256409535,3.36183653672634,-2.559288612205008,15650.0,-0.00038849302406980524,-8.927267348360299e-05
15700.0,-2.161191149538413,2.889484711766917,3.242373117958288,-2.5369665261145267,15700.0,0.0002690327212779513,-2.5157065834456206e-05
15750.0,-1.9916400677019244,2.675993970319177,3.060017034604096,-2.5557890461892216,15750.0,0.000533393721326652,1.0422057857481804e-05
15800.0,-3.650618837700828,3.795987532188067,2.903716095893608,-2.6091976855683567,15800.0,-0.0010807217554925227,3.140896859053317e-05
15850.0,-2.232074699867356,2.21417670532565,2.825937578659453,-2.627560255130572,15850.0,0.0007440961349213638,7.65573558409244e-05
15900.0,-2.1915923725117645,2.492606215766642,2.939552451027609,-2.7024866125468554,15900.0,0.00028722701140208395,3.970966392058592e-05
15950.0,-2.918345347601166,3.489103254712844,3.15244148319723,-2.8468880476239264,15950.0,-0.0002623565818916502,-9.027421404293321e-05
16000.0,-3.761142155840208,3.8297088389299208,3.1396449802595177,-2.821690728007163,16000.0,-0.0006047579593556984,-0.00012596113796352988
16050.0,-2.165708326489632,2.658419524757751,2.811945632412981,-2.5338259088936126,16050.0,0.00023212198520499604,7.3235815686423675e-06
16100.0,-2.004885192771292,2.067435173598071,2.50255523848805,-2.278247800647643,16100.0,0.00038289450112375577,0.00015302408213094604
16150.0,-2.1738529329261382,2.433687075247781,2.575725049890484,-2.383512197397228,16150.0,-6.617064852923829e-05,0.0001507794703150843
16200.0,-2.580506354183852,2.634512355574395,3.025843537080629,-2.83268243583674,16200.0,0.0006379824167579512,5.779259460052266e-06
16250.0,-4.032568272567392,4.430293677795887,3.4904101729209045,-3.292525027514001,16250.0,-0.0009749374616683373,-0.00011662847803847071
16300.0,-3.614205832079248,3.788731345846536,3.6634056136650033,-3.479533291540344,16300.0,-9.960658866415421e-05,-8.234342165020152e-05
16350.0,-2.8685836028215146,2.8981525422368,3.6305425002835983,-3.447027595604345,16350.0,0.0007539564352531712,1.3412536695504329e-05
16400.0,-3.6635491913846887,3.892464826759992,3.631210728640954,-3.403149224377213,16400.0,-0.0004360348027414938,3.197241725538067e-05
16450.0,-3.444808396273231,3.7966901044294494,3.7118100001367615,-3.435285881482694,16450.0,-0.00010103016032136605,-1.8286064454983376e-06
16500.0,-2.9982691316946486,3.448339981295492,3.787837755518823,-3.5148950913119057,16500.0,0.00048676337537130313,-3.539903418569832e-05
16550.0,-4.346685476140284,4.316898296589792,3.775367925436639,-3.5356196807540097,16550.0,-0.0006788563775990681,-4.4934766546949946e-05
16600.0,-3.2861576444703062,3.4883156678864222,3.65056117898708,-3.423460040054654,16600.0,0.00041117563212920364,7.752910276500025e-06
16650.0,-3.1826189487937704,3.6876721195060616,3.545136708228771,-3.328243042644554,16650.0,-0.0003835820293882568,8.955985535929738e-05
16700.0,-2.992685976994814,2.928073497655059,3.6636118758687055,-3.48730214915648,16700.0,0.0008497451119473281,9.0502363624093e-05
16750.0,-4.1220150641040885,4.292837655672376,4.0083429525688725,-3.8885013663020978,16750.0,-0.00032530867169130355,-8.281750101541796e-06
16800.0,-4.671543413307262,4.844330134461435,4.332369654015185,-4.270685740933399,16800.0,-0.0004901576599138824,-7.885259170858667e-05
16850.0,-4.253130235653229,4.170428463465788,4.459264876190031,-4.445527390376889,16850.0,0.00039869090875726767,-4.989594905838217e-05
16900.0,-4.571695432733611,4.49325406436331,4.461420225718921,-4.456525635659929,16900.0,-0.00023403717327131267,-1.8787008563592166e-08
16950.0,-4.093677954868387,4.23098673208255,4.463528607726403,-4.4323434031678985,16950.0,0.0002772968364491753,-3.30964385082666e-07
17000.0,-4.599775808618583,4.661961490924728,4.4648095787711775,-4.412220299937975,17000.0,-0.00019390684010636044,-2.4551782024301262e-05
17050.0,-4.633212692626721,4.6081691495010055,4.404711094755199,-4.357321832821144,17050.0,-0.0001963434533672224,-1.281163304784272e-05
17100.0,-3.932934272588912,4.063518174659227,4.312583528119614,-4.295196037098046,17100.0,0.00032351701052212717,3.3020619544679874e-05
17150.0,-4.409827593701685,4.327659726122766,4.303007510345728,-4.327504205991465,17150.0,-0.00015577252737124106,5.3085985774457e-05
17200.0,-4.272400941402095,4.202369959158203,4.426146457007985,-4.475824142193517,17200.0,0.0004219508681539548,2.9496403696406758e-05
17250.0,-5.1786778924177055,5.131957362578526,4.623026412911259,-4.658744985041526,17250.0,-0.0007680375356779177,1.4025458311834882e-07
17300.0,-4.153244025362162,4.141450926804056,4.820257005272329,-4.812526514194007,17300.0,0.0010030945978222877,-2.2242269726364228e-05
17350.0,-5.532163751489771,5.658680985585304,4.961881923317488,-4.912656744144175,17350.0,-0.0010608888279294729,-4.24021870245312e-05
17400.0,-4.48240464093776,4.523688974542871,4.997501373801319,-4.9294953809064745,17400.0,0.0007895183485563337,-4.092884314160408e-05
17450.0,-5.29721742829385,5.362492834891272,4.93079871643114,-4.8597529127690615,17450.0,-0.0006410166960264139,-7.846127381224122e-06
17500.0,-4.604595556725667,4.598754955173638,4.844480740607901,-4.775805965011058,17500.0,0.000432866818531523,4.456161111039307e-05
17550.0,-4.68899080365488,4.917184121784812,4.8695667925606445,-4.8179953172803405,17550.0,-0.0002576098389059684,7.490037589331955e-05
17600.0,-4.662456517693739,4.591588691131065,5.081903784246687,-5.059207839633598,17600.0,0.000773367688323529,4.456603232141312e-05
17650.0,-6.272768297283322,6.19941248128614,5.405655856736262,-5.389704064031187,17650.0,-0.0011233406742448561,-8.289617154219542e-06
17700.0,-4.910961113742349,4.998884585829075,5.708683886340288,-5.668706879735989,17700.0,0.00115479521946009,-2.912983805249496e-05
17750.0,-6.554374215020941,6.685344739022235,5.938887320813077,-5.884689203084044,17750.0,-0.0011976546518344723,-2.1436740965435418e-05
17800.0,-5.354599364149356,5.377668262629214,6.115498902872277,-6.083195193547829,17800.0,0.0010234761634338786,-1.9375196919056494e-05
17850.0,-6.7098309362770365,6.62868219482089,6.243672492633836,-6.24811446016905,17850.0,-0.0005274803077052092,-3.180456993594909e-05
17900.0,-6.550321193992383,6.560995357749542,6.292334657555522,-6.323448223599236,17900.0,-0.00027080719598958646,-1.4917023518937355e-05
17950.0,-5.854637741848224,5.8162905307042285,6.303704263679865,-6.35222060263915,17950.0,0.0006301754056446956,3.227628264329461e-05
18000.0,-6.726599690203741,6.647024217770654,6.395764576412445,-6.45769768123395,18000.0,-0.0003526934243233249,5.840155258012487e-05
18050.0,-6.664444291780244,6.596024344028767,6.633828770595336,-6.70194547203431,18050.0,-1.539769502709305e-05,5.0017439617099416e-05
18100.0,-6.559453631136428,6.506530232719148,6.996936563820976,-7.062068471510323,18100.0,0.0005379628459989508,-1.0935183566218854e-05
18150.0,-7.826229410579619,7.761943236406905,7.332706398131069,-7.386298710674692,18150.0,-0.00034790531207947416,-8.975300435699367e-05
18200.0,-8.228464148551684,8.147592959895977,7.444093721548678,-7.481568685904753,18200.0,-0.000668929136975887,-4.923578863050082e-05
18250.0,-6.785969491028449,6.860919840945331,7.432391573390035,-7.462099033008101,18250.0,0.0004714658970402219,8.75988430429512e-05
18300.0,-6.837959339861476,6.75291146459524,7.63968653283877,-7.674685957521393,18300.0,0.000838404156613623,9.426342438715877e-05
18350.0,-8.806741646859303,8.740913479779206,8.082640053255401,-8.118139282942435,18350.0,-0.0006970445820821112,-5.4576767341488616e-05
18400.0,-9.028361510639115,8.986304039757893,8.389151655318312,-8.409692766295473,18400.0,-0.0004007186870022494,-0.0001167943082263271
18450.0,-8.149014741450774,8.229897882230958,8.403677486815404,-8.412161469853435,18450.0,0.00013951312989063353,-7.267201120203737e-06
18500.0,-7.87955736721912,7.822274549430605,8.400035315511987,-8.416055626087342,18500.0,0.00048561653935277817,8.961799062965668e-05
18550.0,-8.678649502372124,8.628692565012198,8.620438120782712,-8.654949611702676,18550.0,3.50213899515559e-06,5.6528501796315564e-05
18600.0,-9.464131092491064,9.44386592808168,8.982162180544226,-9.031580205555606,18600.0,-0.0004623065774957702,-1.0548060807226988e-05
18650.0,-9.18492647352124,9.103272847411736,9.317516088287672,-9.372062817841776,18650.0,0.000381443879453132,-1.5370414763130213e-05
18700.0,-9.781807026483715,9.716289465374622,9.614443959123292,-9.663735207635948,18700.0,-0.00010963764958371201,2.4653349412866987e-05
18750.0,-10.029451143834748,10.055211959378228,9.97300520349108,-10.012518502767882,18750.0,-3.206463218128732e-05,7.86650630817988e-05
18800.0,-10.399588739328331,10.313972872928616,10.528229105563366,-10.556439588148798,18800.0,0.0001362902344123725,0.00010693522307451389
18850.0,-10.90427330434022,10.913459372509935,11.350791065321935,-11.35983158918615,18850.0,0.0005343697499578646,4.842067251946744e-05
18900.0,-12.86269076630381,12.848870246985916,12.294404706379174,-12.276269802168924,18900.0,-0.0007665086796868245,-6.850915646779185e-05
18950.0,-12.766071782008872,12.868009422244835,13.066745456266933,-13.026148685832966,18950.0,0.0005439636513612008,-0.00013031199917948086
19000.0,-14.24531850881538,14.247057725906757,13.51330620820599,-13.465263766251429,19000.0,-0.000888574330204532,-6.0093150788023305e-05
19050.0,-13.327519159630704,13.404670204057348,13.809634083174988,-13.767957733203556,19050.0,0.0005097529776016031,9.617820902772465e-05
19100.0,-13.78833912231321,13.836665126211948,14.346407480713298,-14.31383506612588,19100.0,0.0004069373851458309,0.0001773770062978336
19150.0,-15.338965246070668,15.286003511231124,15.326623393996192,-15.288384303015434,19150.0,0.000182006658679677,0.00011040666974392579
19200.0,-17.042123925724457,17.190358542949493,16.5828559816389,-16.51649525356423,19200.0,-0.0006643363318051734,1.3899854238545828e-05
19250.0,-17.338142091515753,17.43387274515493,17.873838204877973,-17.76358482022072,19250.0,0.0006205909563640688,-2.5808445519710687e-05
19300.0,-19.10646756796209,19.228864338270537,19.10029931431777,-18.932924846644998,19300.0,-3.8436860699289356e-05,-2.6132696466326878e-05
19350.0,-20.57860581177044,20.92776377963792,20.26142868259175,-20.01828128906681,19350.0,-0.0007572786457993345,3.715394695608438e-05
19400.0,-20.46500444971362,20.73346660650697,21.51544291825594,-21.16254769072341,19400.0,0.0009846014022766396,0.00013583748167156955
19450.0,-22.45671250936475,23.000672939067616,23.109050858099053,-22.584100179275787,19450.0,0.00017253416408260166,0.000160963591727419
19500.0,-24.935628492359704,25.699214681834768,25.105067777260714,-24.324653267530454,19500.0,-0.0006836958884241113,0.00012433112876521335
19550.0,-25.50654088942138,26.68851670354164,27.41191251833541,-26.285249796320077,19550.0,0.0012503626429373029,0.00010000915028630999
19600.0,-28.95536148776808,30.80372533259177,29.96878013512588,-28.360457380499174,19600.0,-0.0009197005817117642,0.00012057610864068096
19650.0,-30.439181469522936,32.61968250736249,32.82708802351805,-30.446587039056865,19650.0,0.0005290906329312222,0.00020243006488894792
19700.0,-31.597026157755217,35.758366264461266,36.19147107413259,-32.45842502973721,19700.0,0.00042677724348842504,0.00025889826026871676
19750.0,-34.29576311391515,39.963993130281104,40.20309977541893,-34.12850033149934,19750.0,0.0002952996072940579,0.00017580998652089194
19800.0,-34.789572845130344,44.907869014336086,44.65425344300749,-34.77451845963762,19800.0,-0.0003063651190329267,-7.260292586741457e-06
19850.0,-33.672386768394404,49.08583210080875,49.0872563791292,-33.48149512440261,19850.0,-0.0003631388404381227,-0.0002118486345851238
19900.0,-30.190477147817344,52.35594808618611,52.9906377287881,-29.479704695039253,19900.0,0.000484840912526343,-0.0004465577107255058
19950.0,-23.28778664267205,56.83816635287933,55.77762480163324,-22.526278143963587,19950.0,-0.001953648837122873,-0.0006714360436346652
20000.0,-13.533631776434662,56.43626252676536,56.88602176539171,-13.263214377511572,20000.0,0.00038217296403574323,-0.0007714915192452395
20050.0,-2.650582468897462,56.989791110740754,56.065689931037085,-3.194235468302681,20050.0,-0.0018338377987180876,-0.0006993488349710503
20100.0,6.818742311198381,52.95872519792093,53.49698600925483,5.931622705841679,20100.0,0.0005917687785391507,-0.00048554868001973543
20150.0,13.3887989471433,50.40708123144898,49.71441038742324,12.9387386357895,20150.0,-0.0013421570724400653,-0.00019382123779568587
20200.0,17.157546916134997,44.500044583876864,45.44728167110244,17.563986136354345,20200.0,0.000998000801914938,5.200873217178526e-05
20250.0,20.518069698732457,41.088009941092096,41.310174785211096,20.13199896866537,20250.0,0.00017828550511925697,0.00013949758932708107
20300.0,20.86782040330525,38.12168906110547,37.52181187263746,21.129500687039567,20300.0,-0.0004336637846945763,0.00014047830985417135
20350.0,21.30199082594278,34.071208719382405,34.084644734699246,21.0769823321112,20350.0,8.457185005781299e-05,0.00017747391831709932
20400.0,19.96006503019313,30.232158002803867,31.09116239255378,20.48851479216934,20400.0,0.0011661600617585122,0.00018902259245087122
20450.0,19.77625629287921,29.30850744062161,28.57023653153549,19.73207421398135,20450.0,-0.0007167249630671975,0.0001388333054579377
20500.0,19.456521409249067,26.59304447077136,26.39639393416204,18.977048520582606,20500.0,-2.8541486695822017e-05,0.00013186394784002998
20550.0,17.423599268281656,23.806227784181555,24.55221120638867,18.328213150307167,20550.0,0.0009468158368303719,0.00015001985026920296
20600.0,18.15422869172981,23.38645068966768,23.083078104288305,17.810950201895384,20600.0,-0.00040275973369718513,9.879404503860912e-05
20650.0,17.6358990413651,21.95977426091084,21.860930114784463,17.268085612259334,20650.0,4.2594110038054114e-05,2.1158214587333647e-05
20700.0,16.410538771697144,20.639583107249138,20.691677661748955,16.56733527251579,20700.0,0.0001359389517552387,-1.3205565835880861e-05
20750.0,15.586157980658344,19.65923933297553,19.489411294123745,15.77339578428161,20750.0,-0.00018274329336228447,-4.714317594216766e-06
20800.0,15.148586815718716,18.222037325296213,18.275359132512992,14.981825480585304,20800.0,0.00022942688778884558,4.144370169909308e-05
20850.0,14.479947207268683,17.35840253708901,17.164916225149973,14.23802770694859,20850.0,-0.0004362212011484871,9.571738610316914e-05
20900.0,12.778115392608372,15.404214746010588,16.293766783044877,13.611642243117108,20900.0,0.0011831813957506895,7.991189672745094e-05
20950.0,13.719316542697308,16.40798044430889,15.622397082758408,13.090396176990916,20950.0,-0.0009603863145802904,3.809399479679598e-06
21000.0,12.79329053236496,15.010780356156465,14.960550881171136,12.545263566161296,21000.0,5.8867063664621356e-05,-2.6636896877404582e-05
21050.0,11.161206293573272,13.760747927165593,14.232112437390352,11.941732832387316,21050.0,0.0005118972478990592,-1.5036669040311069e-05
21100.0,11.982153326155585,13.790458617922368,13.466082321008791,11.32043747605568,21100.0,-0.0003497517786503657,-1.4534003137907093e-05
21150.0,10.770228903913118,12.94578986205323,12.663717196782462,10.686877905378427,21150.0,-0.00014330911877834894,3.0224410112149512e-05
21200.0,9.835587929423452,11.74284830923822,11.936913097836507,10.163201019384855,21200.0,0.00010596784557291628,0.00011899672585772692
21250.0,9.490009689257146,10.8048263703555,11.50760081353487,9.936110070396724,21250.0,0.0007357054335675989,0.00011532647554395012
21300.0,10.185214668278403,11.706068015391777,11.366604718093107,9.927931322806002,21300.0,-0.00030498834480965724,-3.6983499323234528e-06
21350.0,10.4596654949007,11.844838798403911,11.216362747820536,9.824004396328135,21350.0,-0.000569028914505813,-7.114115337313365e-05
21400.0,9.087783969104528,10.561037295151513,10.888267894115131,9.477408618210672,21400.0,0.00034202790499139086,-2.235970310169364e-05
21450.0,8.963678465960953,10.132305554377592,10.504273782655492,9.03421049348356,21450.0,0.00022439047708050453,6.5250181585106755e-06
21500.0,8.349884212444934,10.264550006304932,10.13659221659213,8.629895855343939,21500.0,6.578751264683547e-07,-3.578191599727489e-05
21550.0,8.996321519003228,10.398439146048442,9.67945586053558,8.220986958583104,21550.0,-0.0008417637434636,-3.101887480126777e-05
21600.0,7.320187347895922,8.427918927132954,9.14477231747586,7.793266613226759,21600.0,0.0009816551503662885,4.853541628927331e-05
21650.0,7.36732645659335,8.911536584133186,8.731427315139324,7.486040949096859,21650.0,-0.0005022402521353847,8.691028913393879e-05
21700.0,7.211706511412272,8.139553610794957,8.535358035637636,7.369803176012946,21700.0,0.000735303207900548,4.4971818572700786e-05
21750.0,8.095100517000786,9.205828657208098,8.451718302567699,7.334944188368229,21750.0,-0.0009949778790804466,5.1083365370466535e-06
21800.0,6.551443776233505,7.784659005920122,8.380849410840378,7.312410111866002,21800.0,0.0008683638316926612,5.3734110433872216e-06
21850.0,7.512519744217038,8.534398933863798,8.323414046721526,7.3332048377628,21850.0,-0.00048334291723726286,-6.49310768159026e-06
21900.0,7.394010222636467,8.075781568714318,8.249745913398698,7.332582965604982,21900.0,0.0002851535697418761,-5.1314404492043054e-05
21950.0,7.377495346331012,8.330048127919527,8.047791768845762,7.1663138853287975,21950.0,-0.0003808355820716237,-8.236325461173095e-05
22000.0,6.619215795751032,7.6322257319456766,7.639929487763499,6.795325284779631,22000.0,0.00018680371612427393,-5.0976463090736244e-05
22050.0,6.5970284281323375,7.401412626282511,7.104626048954396,6.314947425360874,22050.0,-0.0004274574798747512,4.464032677430865e-05
22100.0,5.585760847683196,6.101955820932468,6.680923427081064,5.891635441146955,22100.0,0.0005968168740716486,0.00011739854324003503
22150.0,5.426366187212414,6.294541200761547,6.550717163307819,5.664110584957024,22150.0,0.0003291475967256435,7.893397309136283e-05
22200.0,6.008599849491615,7.309995572404734,6.617845832262982,5.618280596553878,22200.0,-0.0007236732003118916,-1.6117636276646862e-08
22250.0,5.544083321813719,6.516266943268193,6.684934207127453,5.644089050857808,22250.0,0.00023194920852883313,-1.6850803809949255e-05
22300.0,5.3657977815342885,6.302411335453735,6.709895572467051,5.671619501614736,22300.0,0.0004888683045219025,-1.337171190550741e-05
22350.0,6.347180422518995,7.3107264889440335,6.70142765804288,5.651672249768788,22350.0,-0.0009020321161470591,-3.2654106509105676e-05
22400.0,4.859751430156955,6.063961352066684,6.611324477345946,5.5601354054859,22400.0,0.0009130512445309322,-3.753367089938031e-05
22450.0,6.053688472564812,7.099824326516665,6.42738711940056,5.4426763030243785,22450.0,-0.0009992838661911677,-6.6017781398478805e-06
22500.0,4.872684001495555,5.637477635488728,6.226945316105555,5.368477923509164,22500.0,0.0007465477447315863,2.627395999168627e-05
22550.0,5.335788736053131,6.041500306289756,6.092188412789765,5.359432572497205,22550.0,0.00011551250043905731,2.2081193783117215e-05
22600.0,5.9406800557021695,6.734304228188428,6.012634493931769,5.358711901309388,22600.0,-0.0010174808089902843,1.0335213915445962e-05
22650.0,4.513105948639879,4.883406127611389,5.958918609862387,5.311159217075477,22650.0,0.0015096186572857253,3.9734307566956064e-06
22700.0,6.057399815043078,6.806554670248663,5.915136302684744,5.21952775632784,22700.0,-0.00129286598358296,-1.8440391852679383e-05
22750.0,4.407601050312145,5.4975382539285365,5.825253015875403,5.1046065906226525,22750.0,0.0006639871174565463,-1.5105186659187452e-05
22800.0,5.518737007866973,5.848489631249776,5.6976067624180935,5.002549129835615,22800.0,-0.0004146935586080588,1.692902429412726e-05
22850.0,4.460816551125108,5.162707112050868,5.612283069696102,4.944479880638369,22850.0,0.0006399036327029137,1.5074208792100662e-05
22900.0,5.242710931625242,6.076683674609245,5.564644898954362,4.9130435121087785,22900.0,-0.000539515595208816,2.4351707321137893e-06
22950.0,5.051493871564628,5.641871249145582,5.5230946550429065,4.885624521917486,22950.0,-0.00022000635497019267,3.194731198642451e-05
23000.0,4.29803206603702,4.6570429362564365,5.561412691097512,4.904833273491348,23000.0,0.0010732115666775243,3.4490994423114075e-05
23050.0,5.397055734838483,6.355243540061102,5.685958213209903,4.992872502893438,23050.0,-0.0008470623502894405,-2.9172538439305384e-05
23100.0,5.115401968291552,5.935788268142167,5.737572389224031,5.067854761069634,23100.0,-0.00014467722358332117,-5.809379907679393e-05
23150.0,4.824341919581519,5.154639937264928,5.643952067546174,5.060374362835605,23150.0,0.0005192793997392858,-3.55682508279763e-05
23200.0,5.1056321340042095,5.671690105735904,5.461411118798376,4.954215063042529,23200.0,-0.00030677228646528576,-3.054223595739458e-05
23250.0,4.888997599220232,5.421809558043666,5.202514580157091,4.727387190174214,23250.0,-0.0001046393088947969,-9.80612345746188e-06
23300.0,4.403907686900241,4.910330738114435,4.919102732872152,4.425321452140138,23300.0,-2.9630570815227485e-05,6.0482778570671416e-05
23350.0,3.9952213411799007,4.324775491147136,4.786897832013891,4.204042130295317,23350.0,0.00037166670545265423,8.762613789560447e-05
23400.0,3.799382488658327,4.668387007811472,4.873758275894642,4.163473644463831,23400.0,0.00037891173824215833,1.1460538732705672e-05
23450.0,5.037052125943659,5.959277870081205,4.9892700666071566,4.212122353148356,23450.0,-0.0011808885319055634,-5.9135431508627436e-05
23500.0,3.6444968308036345,4.297947402587028,4.956943278548103,4.224464872699759,23500.0,0.0009782162030301297,-3.851927709444816e-05
23550.0,4.451450132815763,5.082157442668176,4.828318297752928,4.203334399640638,23550.0,-0.0006168710347252851,-2.3855622090348305e-06
23600.0,3.830764622626272,4.324189895936112,4.693729411435167,4.163766499456056,23600.0,0.000703231291342312,-2.2534797665898053e-06
23650.0,4.889774100881394,5.324300577559827,4.553506825700931,4.066306837221306,23650.0,-0.0011469229845711573,8.270527952293705e-06
23700.0,2.8972471079211566,3.457103797755648,4.43396055984743,3.9417671975763735,23700.0,0.0014864852503839018,3.555414223503455e-05
23750.0,4.773093716379343,5.306120143911223,4.403299649581514,3.881353856399146,23750.0,-0.0014555395603824946,4.179258536584527e-05
23800.0,2.979616511943997,3.5162875891105623,4.477120202730212,3.905829721855378,23800.0,0.0013129584793408753,1.12147714376043e-06
23850.0,4.459119063984926,5.0088512326620895,4.553744448738311,3.912877834139177,23850.0,-0.0006321176186323868,-7.479348295989326e-05
23900.0,4.124219098555954,4.92112082963265,4.443384987346677,3.749849399928576,23900.0,-0.000516969753749332,-0.00010147954644555632
23950.0,2.8152878688522525,3.54096604222988,4.079326659841152,3.4089167771272004,23950.0,0.0008013186623953352,-3.850428744635934e-05
24000.0,3.379951991069221,4.164107910815448,3.6190076137197287,3.038095205346454,24000.0,-0.000795881140182421,5.8698358727595764e-05
24050.0,2.6350339721746567,2.797546928944964,3.3054344644172944,2.7565896893913155,24050.0,0.0006250750448327396,0.0001243297147227702
24100.0,2.677370617708954,2.993673559156329,3.3026856019217856,2.6413495120082087,24100.0,0.00034396859749702137,9.93567452944145e-05
24150.0,2.5342885451890345,4.049721683110247,3.548328602662313,2.764874329461742,24150.0,-0.0005449247575314425,1.421868478049504e-05
24200.0,3.0213666617573107,3.74345791323556,3.829518315354078,3.10118196693802,24200.0,9.357521346305066e-05,-4.5730205353542355e-05
24250.0,3.386486610454599,3.671132177018499,3.9963825146619874,3.4406991488398564,24250.0,0.0004236179673184564,-8.125202262519444e-05
24300.0,4.296585797163004,4.657851359097579,3.9601166574069104,3.4915995716727752,24300.0,-0.0009310872229749242,-9.068030037171119e-05
24350.0,2.8079763639523074,3.316852483739349,3.697150049222556,3.171749365978328,24350.0,0.000589577615674992,-4.099182614259895e-05
24400.0,2.709444404954989,3.4497976475685985,3.331703875681704,2.7233621095123817,24400.0,-0.0001690827503811654,4.041034762471831e-05
24450.0,2.298572906418386,3.1600359354449346,3.067283571202648,2.468799985281029,24450.0,-6.554696408086844e-05,0.00011626583460367748
24500.0,2.381518765952628,2.7064068131190995,3.0935278532327857,2.5616343155640275,24500.0,0.00027063548263572644,0.0001319876800114871
24550.0,2.614886012745325,2.9293663973825805,3.449741335291641,2.896824976691911,24550.0,0.000653183782508987,2.11684185535022e-05
24600.0,4.141097527612736,4.785285437918529,3.858875863734252,3.165309010185572,24600.0,-0.001020311304884136,-0.00012126826663476465
24650.0,2.886958548384305,4.090426216244137,3.9648397255899512,3.168076234719161,24650.0,0.00010792083547621268,-0.00011645269392374456
24700.0,2.894245752068149,3.665369083260277,3.779671852636289,3.0517063755534988,24700.0,-9.019869010150004e-05,1.0152923930576385e-05
24750.0,2.732107958550604,3.0148152250226667,3.619886289509068,3.0655793403926093,24750.0,0.0004905955987412769,6.444999116671646e-05
24800.0,3.153958878866564,3.5907503636382487,3.621225704298638,3.197531882295066,24800.0,2.9815433564908034e-05,-2.529485342657356e-05
24850.0,3.957212682041285,4.241224086166101,3.559327985521774,3.1899552883129565,24850.0,-0.0005779482680810509,-0.00010557738991291323
24900.0,2.80018351239818,3.4468271384913263,3.233486791962627,2.9126588865401644,24900.0,-0.00011030652356896766,-2.6913927246462776e-05
24950.0,2.150615257845878,2.3766638818941326,2.840360780287323,2.576306237411324,24950.0,0.0003347716734153581,0.00011642337572463503
25000.0,2.027218529933154,2.143429808835334,2.738293207923607,2.4186966347033545,25000.0,0.0006620880804045083,0.0001316297824782531
25050.0,3.309939409214109,3.565415936787806,2.9653000917555232,2.374167229523008,25050.0,-0.000775896773481238,1.965049664503429e-05
25100.0,1.8819071717729725,3.047660131037184,3.2414332172000253,2.289361906391412,25100.0,0.0005360461412861009,-7.066877090355206e-05
25150.0,1.9762392022055404,3.8700196785018135,3.3408944153856472,2.1983897731959723,25150.0,-0.0007633513073443853,-6.505693990312551e-05
25200.0,2.534958536116332,2.78400095760548,3.2777132638134554,2.1753582398480464,25200.0,0.0006406942880750767,-1.1252307331233169e-05
25250.0,1.9940648775580767,3.2997179568968384,3.1864013439131806,2.2092953390733543,25250.0,-0.00028199693182162075,1.6620261454517406e-05
25300.0,2.270294752481985,3.110442626634145,3.1366400776491994,2.287476377871421,25300.0,0.0001625214789379646,1.611242861477624e-05
25350.0,2.6665155528120543,3.327470993716363,3.1271598829221587,2.409187321866528,25350.0,-0.00029248310939152005,2.556742406023069e-05
25400.0,2.1765553894690086,2.813291587319781,3.181598248345695,2.576369616244772,25400.0,0.00037937083765045916,2.2047465086122918e-05
25450.0,2.713237111489616,3.2475392750493466,3.291155276484538,2.7510531665057654,25450.0,0.00010740380015582378,-2.3817609350291134e-05
25500.0,3.501951394804328,3.950296463168472,3.3411682812476537,2.80612280989344,25500.0,-0.0006800098913910621,-4.5257271338673634e-05
25550.0,2.3469708456304144,2.953028922809942,3.278038107664085,2.7051075827868587,25550.0,0.00034043959371769523,-6.56118763366873e-06
25600.0,2.1973956737088303,2.80686036674565,3.198504964996345,2.600789736308728,25600.0,0.0005278137187200236,1.900935220144788e-05
25650.0,3.1593066562251577,3.9802261074814176,3.166495202832224,2.597753602414444,25650.0,-0.0011691523385419893,1.3909057234253375e-05
25700.0,2.0994464304582494,2.230711001862212,3.169258083753737,2.6462861181565875,25700.0,0.0014054530162315323,1.0240508564888095e-05
25750.0,3.1494086868282016,3.994828436821837,3.19762223608747,2.664415597436035,25750.0,-0.0012689811483629046,-2.4293919832457435e-06
25800.0,2.324946935624644,2.5864930008742,3.2199129084630886,2.5947246744489134,25800.0,0.001053871615665493,-1.8258683114078345e-05
25850.0,2.8859846748956848,3.812836604090296,3.1965568730535114,2.44787322107473,25850.0,-0.0009327698320833029,-1.3636891972983633e-05
25900.0,1.8235688443198577,2.7072556270981343,3.139108607711475,2.341338029466452,25900.0,0.0004948545331871586,-8.498937248960382e-06
25950.0,2.093457716310972,2.838810983073869,3.060412999247038,2.360466955377056,25950.0,0.00036176314447659104,-3.186059784809263e-05
26000.0,3.3829846534968864,3.8747742002410814,2.902065896162369,2.4087821362366206,26000.0,-0.0011707490336326193,-2.3509484023935378e-05
26050.0,1.7539331941522536,1.9838648333267457,2.684945083017862,2.392286404808795,26050.0,0.0010440210076027637,6.090825633232928e-05
26100.0,2.60221204421668,2.703007985419319,2.6200949107041778,2.4171495510425585,26100.0,-0.0004311694725221817,0.00011546479532966174
26150.0,2.07438206690188,2.344227456206438,2.843906726714648,2.5919125027136483,26150.0,0.0005810129367905469,4.031856311719064e-05
26200.0,3.1596327716326145,3.4379792689699245,3.168514950518095,2.794969066856622,26200.0,-0.0001729112882623781,-9.594321735498621e-05
26250.0,3.255096532273904,4.099452861077466,3.2532651309340763,2.790402618363183,26250.0,-0.0009255906520111048,-0.00012595164854118063
26300.0,2.187787866335096,2.4469498231572446,3.023136189997106,2.5344198086671432,26300.0,0.0006479474348324661,-2.724805004256865e-05
26350.0,1.9343768521263889,2.414315372318189,2.7248871239537142,2.2027946679601498,26350.0,0.0002695016648359786,4.867355700384231e-05
26400.0,2.4350344010511686,3.05543508356908,2.548321950419928,1.926669060333673,26400.0,-0.0005394046413222458,6.223567953337188e-05
26450.0,1.6080832141271426,2.348043191514356,2.5273459757195718,1.767504300625414,26450.0,0.00023160642600297194,7.697693286357463e-05
26500.0,1.3360679290331936,2.219667364467062,2.698812333178152,1.8385937749078896,26500.0,0.0005213049179558023,5.421467284678183e-05
26550.0,2.349166428498877,3.394553832309274,3.0058153727536867,2.14740070020181,26550.0,-0.00043472604698284467,-2.363640712619155e-05
26600.0,2.894888912207803,3.4826251826943744,3.2537273945137426,2.4961784600302344,26600.0,-0.00024977463495920633,-6.892520485084699e-05
26650.0,2.2901760661701736,2.9462599456814584,3.329326404146681,2.710048059341236,26650.0,0.0004126345021026172,-6.677561406672829e-05
26700.0,2.9375874134745787,3.4414809639250854,3.2379863786127987,2.742465580108333,26700.0,-0.0002190826223037103,-5.6056496128064914e-05
26750.0,3.029285945856464,3.3889954264094366,3.006505112758754,2.59859962768773,26750.0,-0.00043804813877086683,-6.006282527184048e-06
26800.0,1.8507180342525973,2.2413895419666208,2.7600081405867494,2.3965461620870525,26800.0,0.000568848775947936,6.485920121462616e-05
26850.0,2.1671348702729825,2.515905597393645,2.67565917145131,2.3189295470695037,26850.0,0.00022075346043044154,7.425156591523905e-05
26900.0,2.8908465415787563,3.3423053038967727,2.7769391171039683,2.3931386845888927,26900.0,-0.0007113159226940706,4.206597675792701e-05
26950.0,1.988451456716362,2.3904152036647246,2.983384004651444,2.5191936558605965,26950.0,0.0007238549679180586,5.910854453854775e-06
27000.0,2.9617298491867072,3.248162523227823,3.204606028333557,2.604282523686392,27000.0,-2.27647985812931e-05,-5.256924158214744e-05
27050.0,2.806240229247291,4.048997846337689,3.294404948060301,2.587660614320461,27050.0,-0.0008803723967798137,-7.216798657925239e-05
27100.0,2.134942665400368,2.6489021774980204,3.203783901338914,2.515796549904772,27100.0,0.0007249036506505739,-1.2642509418366821e-05
27150.0,2.559422714551764,3.0610656352847867,3.0815565810716103,2.5128215778705663,27150.0,-0.00011490211584512267,3.769833747638796e-05
27200.0,2.498132581509733,3.1859738034587464,3.0535751044952764,2.600287674987104,27200.0,-0.0001835525400434058,3.244736479115229e-05
27250.0,2.708385064495966,2.8520006215241915,3.106712039896823,2.6537573583217173,27250.0,0.00035866908051718856,1.3741442099840738e-06
27300.0,2.919126170067829,3.414700140882608,3.16328433582333,2.527875412986988,27300.0,-0.0003500382143117914,-3.1874018306631235e-05
27350.0,2.299660641290923,3.102304124461546,3.140171585983259,2.245091336689376,27350.0,0.00014280901421056527,-3.972811698057974e-05
27400.0,1.2608063915084795,3.1469306435668973,3.0177385436917383,2.0303057575838297,27400.0,-0.00024518787271458605,-1.531572154479637e-05
27450.0,2.361583753945798,2.5785874808857834,2.857016197538227,2.0243997481635385,27450.0,0.00032960990598594205,4.3727163686567035e-06
27500.0,2.229461096456765,2.8342690831695245,2.707225642306357,2.100482136977833,27500.0,-4.7248994310689874e-05,1.145487265464844e-05
27550.0,2.371179476835489,2.971828199676541,2.5860722687111086,2.1082214314977072,27550.0,-0.0006344401763722256,3.127844988731479e-05
27600.0,1.3756756702244648,1.5232868752529936,2.543115019834147,2.077554048367394,27600.0,0.0012717315832005127,1.6304098063521088e-05
27650.0,2.457813425686908,3.254074508830728,2.540918016115988,2.042506570015584,27650.0,-0.0008477984848304374,-4.740790666522212e-05
27700.0,2.413604816967,2.865365930332369,2.420201245734774,1.9420836739509832,27700.0,-0.00035182480823902685,-3.678752348857248e-05
27750.0,1.111038277194668,1.597095331236443,2.2075156666321285,1.8329382289528997,27750.0,0.0005729013008146759,4.633967138094395e-05
27800.0,1.6705628910645995,1.7610779841772068,2.110679265981843,1.8482699370031697,27800.0,0.00037270682656328856,5.1062939472093835e-05
27850.0,2.694929627827147,2.856827703526192,2.141500214011792,1.9138408610377,27850.0,-0.0007420276108640617,3.81349916244389e-07
27900.0,1.6591765836719468,2.097508395715023,2.173274536832352,1.8927944272315016,27900.0,5.125409516105357e-05,2.041974672008351e-06
27950.0,1.0858317232409431,1.4663243258064875,2.210153796332933,1.816439314276053,27950.0,0.0008978182108328604,7.261436053216385e-08
28000.0,2.779592548446297,3.079685782980103,2.2472145917348443,1.6860307080031527,28000.0,-0.0009634193659959994,-2.930503451041666e-05
28050.0,1.2633675331666765,2.28449882516372,2.211012800860714,1.4643226549516153,28050.0,4.993513329486934e-05,1.1142593169310188e-05
28100.0,0.9224892615378062,1.614149700584511,2.202667492909859,1.3447410346505904,28100.0,0.0005268095479819971,7.496164723173457e-05
28150.0,0.939227399552588,2.2608244459602944,2.3817263030383407,1.536736528619654,28150.0,7.250588817847525e-06,2.8881269452744717e-05
28200.0,2.826728723310567,2.9256256633806967,2.632988286798684,1.8614493897446325,28200.0,-0.00016086346134762514,-7.418668905208144e-05
28250.0,2.20429859706529,3.188268227432036,2.698783547928824,1.991693975101904,28250.0,-0.0004806357402612731,-7.887551366711669e-05
28300.0,1.4581905475208068,2.249321440830193,2.567390024891172,1.953263355201729,28300.0,0.00026672659763076254,1.078967701640554e-05
28350.0,1.6510846317313503,1.977191148305256,2.4629706943945338,2.0053174880282807,28350.0,0.0005002572641193096,5.240703454566979e-05
28400.0,2.6692094939341287,2.955704016078593,2.48956895026207,2.185958857909159,28400.0,-0.0006121784177870335,1.0543998481392514e-05
28450.0,2.208721877021404,2.403770839384346,2.542527202333088,2.314608951714458,28450.0,0.0002488633513049839,-3.371556134404017e-05
28500.0,2.206148726806559,2.473996040952559,2.511196551044005,2.264234674971124,28500.0,5.513331709957168e-05,-4.755429137050431e-05
28550.0,2.5893270234002275,2.6820545352697014,2.3609801713286616,2.041101808575816,28550.0,-0.0005028421696528689,-4.041440334503399e-05
28600.0,0.8399549846111598,1.6330076054546716,2.109727783250733,1.7560538923734916,28600.0,0.0007113100411230237,-2.1062728952297327e-05
28650.0,2.135369428283301,2.362235778447201,1.8058185727920613,1.5105694388823838,28650.0,-0.0007271651835015457,1.3158242168288581e-05
28700.0,1.1866604050068312,1.273550992685866,1.5348049677541111,1.3025562674256692,28700.0,0.0004276543801165404,6.956438422517941e-05
28750.0,1.1662238104988518,1.254002157215882,1.4377023232791095,1.1495775714758931,28750.0,0.0001336624959157472,0.00010145564585811648
28800.0,0.9494959593565137,1.568609561535266,1.5942387934493991,1.1490833801667826,28800.0,8.332493958325581e-06,6.161959602935472e-05
28850.0,1.0828745999941227,1.904048200750464,1.9048242536930755,1.3168857743151237,28850.0,0.00014261774312055779,-9.87107063196495e-06
28900.0,2.4153558809879745,2.5960311977670565,2.1907320373568395,1.5313157209305788,28900.0,-0.0004561153213379161,-3.523302032439233e-05
28950.0,0.987527547176461,2.1477258914388586,2.3885572702096227,1.7345682197033776,28950.0,0.00017814822723331822,-1.6578990406877024e-05
29000.0,1.844389787327832,2.1447911531939563,2.5449350270452133,1.9794875179605005,29000.0,0.000401552552824446,-3.567234841139886e-05
29050.0,2.6650982345296192,3.145737797010169,2.612131912852307,2.187372764244337,29050.0,-0.0006492448023475381,-8.705345778042286e-05
29100.0,2.201086358281088,2.5235724349575364,2.461695154208343,2.1759333997985624,29100.0,0.00017011144828325798,-6.303781602629428e-05
29150.0,2.23733632189625,2.3266856936130487,2.153663855498644,1.969053529052769,29150.0,-0.000428289310189804,4.17109437553675e-05
29200.0,0.8704039404242518,1.0590756767940512,1.9499099161773632,1.808818755194874,29200.0,0.0010429050042640687,9.06499487793873e-05
29250.0,2.240641438608856,2.3987281706352257,1.9727808488045508,1.8164905859371716,29250.0,-0.0006917884342776382,1.6191205186471436e-05
29300.0,1.8065133195173089,2.008909578782305,2.036129794397917,1.8125459699625632,29300.0,0.00043091560438502616,-6.596100556316173e-05
29350.0,2.226511758486577,2.6963799978919494,1.934576226083379,1.5834292901294902,29350.0,-0.0010118889619691275,-2.987383370131749e-05
29400.0,0.7511465280082466,0.854128012078776,1.7583380735155472,1.2151697272014743,29400.0,0.0011000543463877861,6.11715699533529e-05
29450.0,0.6638699129152008,1.762011892235068,1.7350288458310976,1.0113141506532664,29450.0,-0.0002551659489557201,6.195095540679034e-05
29500.0,1.0795043386183587,2.03198090000206,1.866597006663624,1.1027805565439577,29500.0,-9.713385157018478e-05,-1.872445321361784e-05
29550.0,1.71809992668519,2.05911527884359,1.9513540344621056,1.305273051215559,29550.0,8.923402079205065e-05,-5.541597880773796e-05
29600.0,1.6694444078155657,2.3093347096652463,1.8975711152412424,1.4242346978507443,29600.0,-0.0005376055510098988,6.832315401935673e-06
29650.0,0.955977997615423,1.2155402629621557,1.8608689845252184,1.524323171491162,29650.0,0.000649361536070714,7.803888379076174e-05
29700.0,1.4800377427885685,1.74514965643585,2.0192640632860988,1.7310486126929967,29700.0,0.00023741078853227124,3.83623890752232e-05
29750.0,2.545274370390968,2.8682860212402224,2.273565114735037,1.9167391307796748,29750.0,-0.0006445227022133719,-6.180067245491614e-05
29800.0,2.0147245623464,2.380115630511165,2.373364485046685,1.8619207673451983,29800.0,0.00010360686086503321,-8.78304438447488e-05
29850.0,1.3063993392276765,2.1509623919446907,2.253587745746461,1.612191832304421,29850.0,0.0002799069391362272,-1.7867369191928616e-05
29900.0,1.9025508593230904,2.6215765012187844,2.0891425834664155,1.4664367606608837,29900.0,-0.0008372171997902399,9.344261629796372e-05
29950.0,0.6402822477033874,0.9991476110172782,2.158303961931279,1.7298759250577898,29950.0,0.0012667730591720985,0.00012659090136160812
30000.0,2.409788383594452,2.5436513687460187,2.543942593800163,2.410048392366733,30000.0,-0.0006178015030914962,-0.00015425545274755362
